name,cp,hp,attack,defense,health
Charmander,404,68,10,15,15
Venusaur,1546,121,15,15,13
Charmeleor,936,98,14,15,14
Charizard,1982,131,11,10,11
Charizard,1622,119,14,11,14
Squirtle,478,82,1,13,8
Squirtle,12,13,10,14,12
Wartortle,52,101,6,12,9
Blastoise,3,85,15,15,14
Caterpie,349,99,14,14,11
Caterpie,121,66,4,10,15
Caterpie,24,30,0,10,14
Metapod,9,25,15,14,14
Weedle,239,76,15,12,12
Weedle,81,70,6,14,12
Weedle,20,59,0,12,9
Weedle,108,53,11,12,15
Weedle,5,22,5,2,15
Beedrill,,61,3,15,14
Pidgey,10,12,5,12,15
Rattata,434,75,2,6,11
Raticate,1046,121,9,12,8
Spearow,15,99,14,15,12
Spearow,589,95,15,4,15
Spearow,281,69,0,6,14
Spearow,241,60,2,15,10
Spearow,192,53,8,15,15
Spearow,139,46,5,12,12
Spearow,10,12,2,15,13
Ekans,32,82,15,9,2
Ekans,644,81,1,8,0
Ekans,3,87,1,4,11
Ekans,33,86,1,9,12
Ekans,30,81,15,14,14
Ekans,15,81,12,14,14
Ekans,568,77,5,15,8
Ekans,46,77,0,9,15
Ekans,438,69,2,15,8
Ekans,394,63,4,15,5
Ekans,303,55,0,12,0
Ekans,244,53,0,10,9
Ekans,4,46,0,6,12
Ekans,168,44,2,0,7
Ekans,,31,10,13,13
Ekans,9,28,0,11,2
Ekans,68,26,15,14,14
Ekans,59,26,0,12,14
Arbok,600,75,15,13,15
Pikachu,492,74,1,15,11
Pikachu,105,35,0,6,11
Pikachu,480,74,5,10,14
Pikachu,447,70,12,6,13
Pikachu,5,86,1,15,11
Pikachu,39,63,15,15,12
Pikachu,392,64,13,14,14
Pikachu,395,65,13,15,15
Pikachu,,63,13,15,11
Pikachu,41,20,15,13,14
Pikachu,564,78,12,12,11
Raichu,209,99,13,11,12
Sandshrew,089,113,12,14,15
Sandshrew,1063,112,10,9,13
Sandshrew,08,90,14,13,14
Sandshrew,942,78,13,7,10
Sandshrew,913,76,5,11,7
Sandshrew,43,75,2,3,15
Sandshrew,224,50,7,12,8
Sandshrew,15,14,2,10,13
Sandshrew,266,56,14,14,13
Sandshrew,250,52,15,15,13
Sandshrew,250,52,1,14,2
Sandslash,2093,147,6,15,13
Sandslash,1574,123,16,13,11
Nidorina,366,79,4,13,7
Nidoqueen,1481,135,14,15,14
Nidoran,29,98,10,15,12
Nidoran�,568,95,12,13,13
Nidoran�,39,69,6,5,4
Nidorino,1139,123,13,15,15
Nidoking,779,134,13,12,10
Clefairy,,111,12,13,15
Clefable,709,152,7,15,8
Clefable,1400,141,4,8,10
Vulpix,21,81,9,14,14
Vulpix,500,77,15,14,14
Vulpix,40,76,0,10,4
Vulpix,416,71,14,12,13
Vulpix,310,58,15,10,6
Vulpix,292,59,7,13,7
Vulpix,244,51,15,15,7
Vulpix,198,51,4,10,14
Vulpix,43,75,12,11,10
Ninetales,1252,112,11,11,12
Ninetales,1,91,10,15,12
Jigelypuff,624,198,12,14,14
Jigelypuff,408,158,14,15,14
Jigelypuff,194,113,5,12,5
Wicelytuff,1486,215,15,15,15
Wicelytuff,33,106,1,12,10
Zubat,393,88,0,12,13
Zubat,355,77,14,15,13
Zubat,230,64,9,14,14
Zubat,198,59,8,8,8
Zubat,138,50,8,14,14
Zubat,105,41,3,12,0
Golbat,57,136,4,15,6
Golbat,171,117,7,13,15
Golbat,,106,1,7,13
Golbat,793,102,0,6,10
Golbat,,90,0,14,0
Golbat,9,95,1,4,10
Golbat,37,67,11,12,13
Golbat,2,61,0,2,11
Golbat,,17,5,14,9
Golbat,,17,3,9,9
Oddish,1047,102,12,12,9
Oddish,489,73,8,10,14
Oddish,444,67,14,12,13
Oddish,423,67,10,7,13
Oddish,234,49,4,4,3
Vileplume,1421,117,10,13,15
Parasect,92,87,15,14,14
Venonat,431,90,8,15,15
Diglett,450,56,1,11,14
Diglett,71,33,3,15,12
Diglett,6,26,0,7,9
Diglett,9,26,1,13,14
Diglett,,10,15,15,15
Diglett,232,39,8,11,14
Duetrio,1139,85,11,15,15
Duetrio,1100,85,4,9,12
Duetrio,296,44,9,15,15
Duetrio,1439,84,6,11,7
Meowth,426,84,5,15,15
Meowth,424,83,3,13,10
Meowth,84,37,2,11,9
Meowth,4,28,1,14,11
Meowth,28,21,4,7,12
Meowth,428,80,10,12,15
Psyduck,29,102,15,15,12
Psyduck,365,73,1,13,15
Golduck,63,85,8,15,13
Mankey,93,91,12,14,10
Mankey,413,64,9,14,14
Mankey,289,52,13,14,12
Growlithe,924,110,15,13,11
Poliwag,5,97,15,15,13
Poliwag,653,95,9,12,11
Poliwag,449,78,14,9,12
Poliwag,430,78,11,13,15
Poliwag,408,75,13,11,14
Poliwag,330,69,9,12,14
Poliwag,26,64,4,11,9
Poliwag,209,54,5,14,8
Poliwag,203,53,4,12,6
Poliwag,198,51,11,13,10
Poliwag,89,53,4,14,13
Poliwag,22,43,4,13,14
Poliwhirl,1216,135,4,15,15
Poliwhirl,39,105,6,9,13
Poliwhirl,566,91,11,14,13
Abra,474,49,14,12,9
Abra,54,17,4,8,15
Alakazam,943,70,13,12,14
Machop,23,111,14,15,14
Machop,16,111,12,15,15
Machop,14,110,14,13,13
Machop,06,111,10,15,15
Machop,06,111,12,13,14
Machop,,110,11,13,13
Machop,95,108,12,12,10
Machop,693,110,12,10,13
Machoke,49,105,14,11,13
Machoke,42,103,12,13,11
Machoke,33,105,11,10,13
Bellsprout,386,u89,15,15,13
Bellsprout,563,u90,10,13,15
Bellsprout,42,u80,2,14,13
Bellsprout,409,u79,0,11,11
Bellsprout,23,u61,8,14,8
Bellsprout,233,u56,8,9,5
Victreebel,,121,15,15,14
Tentacool,31,97,11,15,15
Tentacool,223,51,2,5,10
Tentacool,1,37,1,7,10
Tentacruel,5,96,15,7,11
Geodude,22,50,8,11,14
Geodude,64,83,6,8,10
Geodude,327,53,14,14,15
Geodude,196,44,0,0,12
Geodude,5,21,0,12,12
Graveler,1489,115,1,14,11
Graveler,13314,105,14,14,12
Ponyta,934,88,5,13,8
Ponyta,668,75,14,12,15
Ponyta,,71,10,15,11
Ponyta,,69,4,15,8
Ponyta,525,66,14,13,14
Ponyta,496,66,4,15,12
Ponyta,493,65,10,14,15
Ponyta,426,60,14,12,15
Ponyta,308,52,7,10,12
Ponyta,158,38,1,5,15
Ponyta,692,77,11,10,12
Ponyta,938,90,11,12,15
Ponyta,934,90,10,13,14
Rapidash,,37,15,15,13
Slowpoke,,93,10,15,15
Slowpoke,,156,2,5,15
Slowpoke,662,131,14,12,13
Slowpoke,650,127,14,13,12
Slowpoke,630,131,4,13,13
Slowpoke,414,105,5,14,12
Slowpoke,313,93,3,13,15
Slowpoke,274,82,15,14,14
Slowpoke,50,36,8,13,15
Slowbro,95,159,13,9,9
Slowbro,41,151,11,10,11
Slowbro,1517,136,11,14,2
Maenemite,68,68,11,14,14
Maenemite,09,67,2,12,12
Maenemite,,53,14,13,15
Maeneton,183,32,13,14,15
Farfetch'd,939,93,13,13,15
Farfetch'd,68,78,13,10,11
Dodrio,1008,87,14,15,15
Grimer,1043,142,14,13,15
Grimer,2,76,10,9,15
Grimer,265,71,14,15,14
Grimer,951,131,14,14,7
Grimer,5,105,14,12,14
Muk,2413,184,13,12,14
Shellder,62,76,3,15,15
Shellder,49,55,0,13,13
Shellder,,25,0,11,14
Cloyster,1434,90,12,15,15
Gastly,274,79,4,13,12
Gastly,828,81,0,6,15
Gastly,,59,3,15,6
Gastly,,56,2,15,4
Gastly,250,40,4,15,5
Genegar,61603,99,13,12,12
Onix,468,64,15,13,14
Onix,455,64,12,14,14
Onix,346,56,4,8,6
Onix,22,45,8,15,11
Onix,219,47,4,11,15
Onix,212,47,3,0,15
Drowzee,17,46,3,8,4
Krabby,20,58,6,12,11
Krabby,473,51,11,12,14
Krabby,354,45,0,7,13
Krabby,204,33,13,14,12
Krabby,49,29,0,14,14
Kingler,116,26,3,7,14
Voltorb,862,98,15,14,15
Voltorb,392,72,0,7,15
Voltorb,36,67,5,12,15
Voltorb,342,62,3,9,5
Voltorb,308,60,4,13,11
Voltorb,230,52,5,11,11
Voltorb,192,49,0,8,12
Voltorb,91,49,0,8,11
Voltorb,38,22,1,9,15
Electrode,32,58,2,9,12
Exegecute,812,115,4,14,11
Exegecute,500,90,7,14,15
Exegecute,481,84,6,15,4
Exegecute,466,84,15,13,15
Exegecute,240,63,5,13,13
Exeeeutor,1926,146,13,10,13
Exeeeutor,1248,116,10,14,10
Exeeeutor,99,167,11,15,15
Exeeeutor,94,154,12,10,15
Marowak,10,99,11,15,11
Marowak,110,99,11,14,12
Hitmonlee,22986,114,5,14,12
Hitmonlee,86,70,13,15,15
Hitmonlee,256,38,5,12,15
Hitmonchar,1560,99,11,13,15
Hitmonchar,2,74,5,15,13
Hitmonchar,11,55,13,12,12
Hitmonchar,153,30,0,11,4
Hitmonchar,32,14,11,15,15
Lickitung,88,131,14,12,13
Lickitung,4,131,11,14,13
Lickitung,18,20,6,15,12
Koffing,89,89,15,14,12
Koffing,53,93,0,15,12
Koffing,92,83,12,15,8
Koffing,52,83,14,15,13
Koffing,26,84,11,9,15
Koffing,625,79,3,14,13
Koffing,560,76,6,14,15
Koffing,562,72,12,11,12
Koffing,55,71,10,14,10
Koffing,544,71,13,15,14
Koffing,468,68,5,9,13
Koffing,460,65,13,8,11
Koffing,441,69,0,0,15
Koffing,438,67,4,10,15
Koffing,361,55,13,15,5
Koffing,329,55,1,14,6
Koffing,322,59,0,0,14
Koffing,281,53,4,11,15
Koffing,264,51,2,6,8
Koffing,205,44,4,6,8
Koffing,1,41,1,9,8
Koffing,146,38,2,15,12
Koffing,11,30,7,11,0
Koffing,5,28,11,10,12
Koffing,51,21,11,13,11
Koffing,48,22,5,10,13
Koffing,4,21,2,14,10
Weezing,368,56,13,9,14
Weezing,,105,14,12,13
Weezing,79,103,14,12,11
Rhyhorn,303,70,7,15,12
Rhyhorn,261,65,11,11,15
Rhydon,2080,159,6,4,6
Rhydon,303,76,12,12,5
Chansey,52,257,15,11,10
Chansey,512,260,8,15,0
Chansey,505,258,11,14,12
Chansey,356,230,3,12,12
Tangela,1935,130,13,13,12
Tangela,1495,112,2,15,2
Tangela,1432,111,12,15,11
Tangela,1386,113,0,12,10
Tangela,1332,112,2,7,12
Tangela,684,77,15,8,12
Tangela,684,77,13,13,11
Tangela,468,66,4,9,15
Tangela,457,64,1,13,8
Tangela,208,43,0,9,8
Tangela,30,16,13,11,12
Horsea,18,76,15,13,15
Goldeen,564,83,0,8,12
Goldeen,325,63,1,15,15
Goldeen,305,60,6,13,15
Goldeen,4,23,8,13,13
Staryu,43,57,3,11,9
Staryu,41,33,2,15,13
Staryu,14,10,6,0,9
Mr.Mime,65,78,11,15,14
Mr.Mime,64,77,13,13,12
Scyther,35,16,12,2,6
Electabuzz,1307,105,15,10,13
Electabuzz,1271,103,11,10,10
Electabuzz,96,91,11,15,13
Magmar,1274,103,12,13,15
Magmar,32,16,7,15,12
Pinsir,1247,90,15,12,12
Pinsir,1237,90,15,10,11
Pinsir,285,43,4,9,7
Tauros,64,124,1,11,10
Tauros,992,96,5,15,13
Tauros,422,62,14,8,15
Magikarp,5,59,15,15,15
Magikarp,148,59,13,14,14
Magikarp,145,56,14,10,10
Magikarp,88,53,2,15,15
Magikarp,2,46,0,11,5
Magikarp,,32,12,0,15
Magikarp,33,31,5,6,13
Magikarp,25,29,2,13,15
Magikarp,,16,13,9,15
Gyarados,2455,155,14,14,15
Lapras,1814,195,10,11,15
Ditto,645,103,14,12,13
Ditto,84,36,15,13,9
Fevee,22,114,4,15,11
Fevee,84,116,0,11,13
Fevee,614,96,1,12,2
Fevee,590,99,1,7,9
Fevee,56,93,15,13,15
Fevee,55,94,6,13,13
Fevee,551,94,6,10,13
Fevee,427,80,5,12,4
Fevee,403,80,8,15,15
Fevee,384,77,6,12,9
Fevee,298,71,2,14,15
Fevee,24,62,1,3,3
Fevee,232,61,2,8,9
Fevee,183,53,4,12,8
Fevee,156,51,2,13,15
Fevee,124,43,5,10,3
Fevee,104,41,7,14,15
Fevee,68,31,3,15,0
Fevee,66,33,2,6,7
Fevee,45,25,13,13,10
Fevee,44,26,11,13,11
Fevee,14,15,13,8,15
Fevee,13,14,4,11,8
Fevee,12,14,3,7,5
Fevee,12,14,0,8,11
Fevee,444,82,12,14,14
Fevee,841,115,10,13,14
Vaporeon,256,215,14,14,10
Jolteon,1785,109,13,15,12
Flareon,2301,123,4,15,12
Flareon,1801,108,14,13,15
Porygon,520,78,4,6,6
Porygon,308,59,5,14,8
Porygon,253,56,3,5,13
Porygon,117,37,4,11,13
Omanyte,42,74,10,12,13
Kabuto,6,69,15,10,14
Kabuto,48,67,13,10,11
Kabuto,42,66,12,11,10
Kabuto,560,57,11,15,10
Aerodactyl,1153,105,11,11,13
Aerodactyl,38,19,14,12,14
Snorlax,1380,177,15,15,14
Snorlax,61343,178,12,10,15
Dratini,55,79,12,15,12
Dratini,200,46,5,15,4
Dragonair,986,99,14,12,10
Dragonite,312,158,15,15,12
Dragonite,2044,129,15,14,13
Mewtwo,,136,11,15,15
Mewtwo,2322,136,8,13,15
Mew,1366,121,13,13,10
,29,82,7,13,6
Totodile,33,100,10,2,14
Totodile,238,56,7,15,14
Hoothoot,432,117,1,4,9
Noctowl,921,127,8,14,7
Ledyba,49,92,2,14,8
Ledyba,364,74,14,14,12
Ledyba,60,49,14,14,13
Ledyba,56,49,15,6,12
Ledyba,138,46,13,15,14
Ledian,308,62,5,12,10
Crobat,40,69,4,12,2
Chinchou,493,108,1,15,14
Chinchou,362,93,1,13,13
Chinchou,314,86,2,15,15
Chinchou,,41,2,6,12
Lanturn,1063,163,1,13,6
Pichu,288,62,11,15,13
Pichu,269,59,15,15,14
Pichu,266,59,14,15,14
Pichu,265,59,14,14,15
Pichu,265,59,15,13,14
Pichu,261,59,12,15,15
Pichu,261,59,15,11,14
Pichu,260,57,13,15,12
Pichu,260,58,13,14,13
Pichu,256,56,13,14,10
Pichu,255,59,11,13,15
Pichu,253,57,11,15,11
Pichu,251,57,11,13,12
Pichu,262,59,15,11,15
leelybuff,302,132,14,15,15
leelybuff,29,130,14,14,12
leelybuff,292,132,13,13,15
leelybuff,291,132,11,15,15
leelybuff,2,131,10,12,13
Togepi,369,75,14,14,15
Togetic,250,49,2,11,9
Natu,965,101,12,11,14
Natu,99,64,12,15,14
Xatu,,118,5,15,15
Mareep,669,109,0,10,9
Mareep,3,99,3,7,13
Mareep,39,85,0,14,14
Mareep,82,54,1,8,0
Mareep,13,14,11,15,11
Flaaffy,5,96,6,0,14
Flaaffy,32,73,9,15,13
Flaaffy,335,68,13,15,11
Ampharos,1538,128,2,8,3
Ampharos,663,85,11,5,7
Bellossom,943,99,14,7,11
Marill,340,132,11,15,15
Marill,23,113,15,13,14
Marill,20,111,4,15,14
Marill,163,88,15,7,11
Marill,93,71,7,5,7
Marill,1,60,12,15,15
Marill,,16,15,12,8
Sudowoodc,908,94,15,14,11
Sudowoodc,893,96,12,10,15
Hoppip,29,72,4,14,14
Hoppip,114,43,14,14,13
Hoppip,68,36,4,9,15
Hoppip,62,31,15,15,12
Hoppip,33,25,0,6,7
Hoppip,21,18,4,14,3
Skiploom,188,58,4,6,11
Jumpluff,911,115,15,15,15
Jumpluff,296,65,8,15,7
Aipom,912,108,3,13,14
Aipom,833,104,1,14,14
Aipom,566,82,13,15,13
Aipom,563,83,13,12,15
Aipom,339,64,1,14,7
Aipom,160,44,1,13,8
Aipom,16,15,4,0,14
Sunkern,330,87,13,9,15
Sunkern,,66,4,14,12
Sunkern,30,49,15,15,6
Sunkern,98,46,15,11,15
Sunkern,53,34,5,13,7
Yanma,603,91,11,12,13
Yanma,599,91,11,10,14
Wooper,399,104,11,8,13
Wooper,303,92,7,9,13
Wooper,60,71,0,8,15
,1673,168,12,15,14
Quagsire,1114,136,13,14,12
Espeon,2602,128,15,11,7
Espeon,239,122,11,14,14
Espeon,1335,91,14,11,14
Espeon,1260,88,14,15,14
Umbreon,1496,160,2,15,15
Murkrow,536,81,6,9,15
Murkrow,39,65,8,8,0
Murkrow,328,62,4,15,12
Slowking,1484,144,2,14,14
Slowking,1424,137,13,12,14
Unown,958,106,14,12,14
trade,310,62,5,11,15
Unown,7,106,12,15,12
trade,95,103,7,6,7
Unown,325,62,10,14,15
Unown,98,105,11,11,8
Unown,9,90,8,12,11
Unown,99,98,7,15,14
Wobbuffet,91,259,14,14,15
Wobbuffet,458,218,9,15,15
Wobbuffet,290,167,15,13,14
Girafarig,1047,104,9,2,3
Girafarig,992,105,5,13,15
Girafarig,861,96,12,15,14
Girafarig,89,30,15,11,13
Gligar,1053,106,15,12,15
Gligar,127,106,10,15,15
Gligar,122,106,10,13,15
Gligar,1018,105,11,11,13
Gligar,1008,105,10,10,13
Steelix,3,73,13,15,15
Snubbull,91,95,10,8,14
Snubbull,524,87,14,14,15
Snubbull,512,87,12,12,15
Snubbull,500,87,10,10,15
Snubbull,26,63,10,13,15
Snubbull,84,54,1,14,15
Snubbull,9,36,15,12,15
Snubbull,5,15,3,9,8
Granbull,1494,134,15,15,15
Qwilfish,61,121,13,11,6
Qwilfish,1389,117,9,10,13
Qwilfish,138,112,10,15,5
Qwilfish,1083,99,6,15,4
Qwilfish,99,91,2,14,4
Qwilfish,06,85,3,11,15
Qwilfish,61603,122,1,14,7
Qwilfish,1556,121,2,12,9
Qwilfish,36,90,4,7,12
Qwilfish,1,76,2,14,10
Qwilfish,539,73,0,4,11
Qwilfish,489,67,2,11,5
Qwilfish,408,61,12,14,14
Qwilfish,202,43,7,3,7
Scizor,1665,108,13,12,10
Shuckle,9,57,11,12,11
Shuckle,143,45,15,0,9
Shuckle,141,55,6,15,15
Shuckle,81,35,13,2,9
Sneasel,1155,95,14,13,14
Sneasel,32,77,7,15,15
Sneasel,,49,8,6,9
Teddiursa,501,83,1,13,7
Teddiursa,431,77,3,9,6
Teddiursa,26,62,5,14,12
Teddiursa,266,61,0,15,10
Ursaring,2495,163,8,15,15
Swinub,429,98,1,12,13
Swinub,268,81,0,14,15
Swinub,26,72,4,11,4
Swinub,254,72,0,10,4
Swinub,248,70,12,6,10
Swinub,235,66,10,15,7
Swinub,22,72,2,6,14
Swinub,218,67,4,12,9
Swinub,188,62,8,9,12
Swinub,78,64,2,9,15
Swinub,4,63,0,10,13
Swinub,2,59,0,13,3
Swinub,153,59,0,8,12
Swinub,24,50,3,14,8
Swinub,,38,3,13,14
Piloswine,1500,156,2,11,11
Piloswine,1498,158,0,12,14
Piloswine,981,123,12,13,14
Corsola,4,93,11,13,6
Remoraid,4,78,12,14,11
Remoraid,324,57,14,13,9
Remoraid,224,47,13,15,9
Remoraid,3,32,3,10,2
Delibird,993,108,14,15,15
Delibird,458,73,13,14,14
Delibird,422,71,12,12,15
Mantine,554,71,6,15,6
Mantine,500,71,7,4,15
Skarmory,1190,106,13,15,15
Skarmory,1173,105,12,14,13
Skarmory,171,105,12,13,13
Houndour,985,106,4,6,14
Houndour,935,97,14,14,13
Houndour,818,97,1,10,15
Houndour,64,92,0,8,8
Houndour,38,89,7,15,15
Houndour,91,77,14,15,13
Houndour,4,77,4,13,9
Houndour,463,69,5,15,7
Houndour,441,67,5,10,8
Houndour,396,66,6,13,15
Houndour,348,62,2,12,12
Houndour,259,53,7,11,15
Houndour,200,45,12,15,15
Houndour,69,42,0,6,4
Houndour,46,21,0,11,3
Phanpy,497,118,5,11,15
Phanpy,396,105,5,9,11
Stantler,401,64,8,15,9
Smearegle,240,97,8,15,6
Smearegle,184,84,14,7,13
Tyrogue,21,74,14,12,14
Tyrogue,21,74,13,14,14
Tyrogue,269,73,13,14,12
Tyrogue,269,74,13,13,14
Tyrogue,26,74,13,12,14
Tyrogue,266,72,12,15,11
Tyrogue,260,75,11,11,15
Tyrogue,260,75,10,13,15
Tyrogue,260,74,12,10,14
Tyrogue,25,74,10,12,14
Tyrogue,25,72,12,10,11
Tyrogue,256,72,11,11,11
Tyrogue,256,72,11,11,11
Tyrogue,249,72,10,10,10
Hitmontop,921,78,15,15,14
Hitmontop,914,78,14,14,14
Hitmontop,99,78,12,15,15
Hitmontop,99,78,10,15,15
Hitmontop,262,43,2,6,12
Smoochum,24,83,14,14,11
Elekid,513,73,15,14,14
Maeby,35,84,13,13,13
Miltank,1285,135,10,12,11
Blissey,1992,342,15,13,12
Blissey,1948,338,14,15,11
Larvitar,95,92,2,7,4
Larvitar,59,90,13,13,15
Larvitar,0,90,12,12,14
Larvitar,553,90,4,11,11
Larvitar,494,84,2,14,8
Larvitar,162,48,10,13,13
Larvitar,12,13,4,13,7
Larvitar,12,14,2,11,12
Pupitar,996,111,14,13,15
Tyranitar,36,187,15,11,12
Lugia,2636,166,15,13,15
Lugia,2628,166,14,14,15
Lugia,2618,165,15,11,13
Lugia,2615,166,13,14,15
Lugia,2614,163,15,14,10
Lugia,2600,164,15,11,11
Lugia,2598,166,13,11,14
Lugia,2596,164,14,10,12
Lugia,2595,164,13,13,12
Lugia,2591,164,12,15,12
Lugia,2586,166,11,13,15
Lugia,25,166,11,12,14
Lugia,254,164,11,14,12
Lugia,2562,164,11,11,12
Lugia,2099,149,14,13,15
Lugia,2096,148,14,14,14
Lugia,2094,148,14,14,13
Lugia,2093,147,15,12,12
Lugia,2086,147,14,13,12
Lugia,2085,146,15,11,11
Lugia,2082,146,15,10,11
Lugia,20,148,13,12,13
Lugia,2075,146,13,14,11
Lugia,2075,146,14,11,11
Lugia,202,146,13,13,11
Lugia,2071,146,14,11,10
Lugia,2069,146,13,12,11
Lugia,2066,147,13,10,12
Lugia,2065,148,12,10,14
Lugia,2060,148,10,15,14
Lugia,2056,147,11,13,12
Lugia,2051,146,11,14,10
Lugia,2049,146,11,12,11
Lugia,2048,146,10,15,11
Lugia,2046,147,11,10,12
Lugia,2036,146,11,10,10
Lugia,2031,146,10,11,10
Ho-Oh,226,152,13,14,14
Ho-Oh,221,152,14,11,14
Ho-Oh,209,150,14,11,12
Ho-Oh,204,151,13,11,13
Ho-Oh,2693,150,13,10,12
Ho-Oh,210,133,14,14,10
Ho-Oh,2149,134,11,14,11
Ho-Oh,214,136,11,10,14
Celebi,1359,122,10,15,12
Treecko,236,50,15,14,15
Treecko,13,12,7,13,9
Sceptile,11,65,9,6,15
Torchic,3,93,15,15,12
Torchic,9,96,0,11,13
Torchic,522,79,6,15,12
Torchic,499,74,5,6,0
Blaziken,615,76,6,14,14
Mudkip,92,109,7,14,13
Mudkip,24,99,4,15,2
Mudkip,622,91,5,15,12
Mudkip,,71,9,11,11
Mudkip,336,65,7,5,5
Marshtomp,24,57,8,15,6
Swampert,169,142,14,13,14
Poochyena,499,87,7,15,13
Poochyena,401,82,2,7,13
Poochyena,36,72,3,15,2
Poochyena,369,81,0,4,13
Poochyena,41,71,3,12,5
Poochyena,295,68,0,15,10
Poochyena,294,68,3,10,10
Poochyena,253,60,0,14,3
Poochyena,234,61,0,9,8
Poochyena,222,59,3,15,12
Poochyena,210,61,0,0,13
Poochyena,60,51,2,8,11
Poochyena,142,50,1,6,15
Poochyena,15,42,4,12,12
Poochyena,42,25,1,14,6
Zigzagoon,4,95,11,13,15
Zigzagoon,31,94,7,13,15
Zigzagoon,306,79,11,8,6
Zigzagoon,29,75,14,14,10
Zigzagoon,245,73,8,8,7
Zigzagoon,4,44,6,12,12
Linoone,21,18,14,2,8
Wurmple,134,51,12,14,0
Wurmple,326,85,11,15,11
Silcoon,214,77,9,13,13
Beautifly,1436,120,14,14,12
Beautifly,162,39,6,7,0
Beautifly,22,35,11,7,10
Lotad,22,53,3,4,13
,,12,14,13,13
Lotad,,12,12,14,14
Ludicolo,2,44,15,15,14
Seedot,5,62,4,11,15
Seedot,,43,0,5,15
Nuzleaf,966,133,8,15,14
Nuzleaf,642,110,7,10,13
Nuzleaf,38,86,5,9,14
Shiftry,1993,165,10,8,14
Shiftry,1948,159,12,8,7
,71,47,14,13,13
Taillow,564,90,15,15,13
Taillow,153,47,8,12,6
Wineull,5,93,11,12,14
Wineull,431,79,15,14,13
Wineull,426,78,14,14,12
Wineull,158,45,11,15,2
Ralts,,52,4,13,10
Ralts,4,41,6,10,11
Ralts,101,40,2,15,8
Ralts,30,22,4,2,3
Kirlia,658,86,10,14,14
Gardevoir,2151,120,14,10,11
Surskit,354,76,2,13,15
Surskit,285,67,1,11,11
Surskit,234,61,5,7,13
Surskit,220,56,13,15,13
Surskit,18,50,15,15,15
Masquerain,2013,137,12,10,9
Masquerain,1,74,15,11,14
Masquerain,231,47,11,13,14
Masquerain,158,39,4,14,12
Shroomish,320,89,4,13,13
Shroomish,223,75,0,11,9
Shroomish,214,71,7,2,7
Shroomish,188,71,0,10,15
Shroomish,61,61,6,14,10
Shroomish,,15,9,9,10
Breloom,2122,121,6,4,8
Slakoth,586,108,2,15,15
Slakoth,445,90,7,14,10
Slakoth,252,67,14,15,13
Ninjask,1093,99,13,13,11
Ninjask,43,60,2,14,5
Shedinja,163,10,10,15,15
Shedinja,45,10,12,11,12
Whismur,44,113,15,13,11
Whismur,431,108,15,15,7
Whismur,353,107,7,10,13
Whismur,332,105,5,10,15
Whismur,303,99,4,13,14
Whismur,301,94,13,15,15
Whismur,131,66,2,14,14
Whismur,119,63,0,8,8
Whismur,6,44,11,13,13
Whismur,29,29,13,15,14
Loudred,560,109,14,14,14
Loudred,529,107,10,10,10
Loudred,449,97,15,13,14
Makuhita,615,142,5,6,15
Makuhita,534,124,11,6,7
Makuhita,491,121,4,15,12
Makuhita,449,122,0,10,15
Makuhita,4,107,12,4,14
Makuhita,330,97,11,13,12
Makuhita,162,71,8,7,14
Makuhita,154,66,12,0,2
Makuhita,133,65,4,6,11
Hariyama,210,249,8,14,15
Hariyama,2491,237,11,14,15
Hariyama,2485,245,6,4,15
Hariyama,1818,203,11,14,15
Hariyama,1555,185,9,15,8
Hariyama,1163,162,11,10,13
Hariyama,1132,159,4,14,6
Hariyama,659,125,6,4,11
Hariyama,514,106,12,5,4
Azurill,205,88,15,15,11
Azurill,198,90,13,14,15
Azurill,195,90,12,15,14
Azurill,193,90,13,10,14
Skitty,28,78,6,15,15
Delcatty,953,117,14,3,7
Sableye,26,78,15,12,15
Mawile,98,87,14,10,10
Mawile,45,86,3,15,7
Aron,53,101,0,14,12
Aron,9,99,2,7,15
Aron,662,90,6,8,15
Aron,932,81,0,15,15
Aron,49,71,15,14,12
Aron,260,54,14,10,7
Aron,135,38,14,13,15
Aron,51,25,3,6,15
Aron,16,13,2,13,10
Lairon,1146,102,4,15,13
Lairon,864,87,4,15,9
Lairon,2,83,0,4,13
Lairon,461,65,0,7,8
Meditite,569,86,8,11,12
Meditite,452,73,15,15,13
Meditite,371,66,11,15,10
Meditite,328,68,3,15,15
Medicham,912,108,11,15,15
Medicham,804,102,10,8,13
Medicham,8,101,10,11,15
Medicham,304,59,13,13,3
Electrike,510,78,12,14,15
Electrike,56,43,13,15,14
Electrike,123,37,12,13,10
Manectric,32,17,13,15,15
Plusle,51,87,15,11,15
Volbeat,399,66,15,15,15
Illumise,36,89,13,14,10
Roselia,1068,90,15,15,15
Gulpin,54,137,15,15,15
Gulpin,59,129,15,12,15
Gulpin,953,120,8,5,5
Gulpin,,114,14,15,11
Gulpin,224,79,4,4,8
Gulpin,216,78,6,8,14
Swalot,1497,165,15,15,15
Carvanha,540,83,10,11,12
Wailmer,1335,216,14,15,7
Wailmer,933,184,12,14,11
Wailmer,928,185,11,14,12
Wailmer,9,189,4,11,13
Wailmer,58,164,12,13,5
Wailmer,646,150,14,13,4
Wailmer,606,150,11,14,13
Wailmer,606,149,12,13,12
Wailmer,532,140,15,11,15
Wailmer,5930,138,13,14,10
Wailmer,468,133,13,13,12
Wailmer,310,108,8,13,13
Wailmer,39,72,4,13,8
Wailmer,58,47,1,15,7
Numel,660,109,11,0,9
Numel,465,90,10,15,15
Numel,215,63,3,14,14
Numel,214,63,3,13,14
Numel,206,63,1,10,13
Numel,129,49,7,8,15
Camerupt,61,93,14,11,15
Torkoal,1175,111,14,10,15
Torkoal,1170,111,13,11,15
Torkoal,1146,109,12,10,11
Spoink,93,106,8,14,15
Spoink,35,100,11,14,14
Spoink,468,84,4,14,14
Spoink,452,81,5,11,14
Grumpig,1198,119,4,11,15
Spinda,499,85,13,10,11
Trapinch,18,83,15,15,11
Trapinch,12,85,14,12,15
Trapinch,12,85,15,11,15
Trapinch,4,85,11,13,15
Trapinch,500,73,0,15,15
Trapinch,236,49,8,14,13
Vibrava,1,78,15,14,14
Flygon,3,19,12,15,15
Cacnea,943,103,11,13,10
Cacnea,65,90,12,10,14
Cacnea,5,78,0,15,2
Cacnea,24,55,14,15,11
Cacnea,21,56,13,12,14
Cacnea,264,56,9,12,14
Cacnea,260,57,10,8,15
Cacturne,1573,117,14,13,4
Swablu,553,98,2,12,12
Swablu,383,84,1,6,13
Swablu,136,45,15,15,15
Altaria,98,116,0,1,0
Seviper,63,97,13,8,12
Seviper,958,81,2,12,15
Lunatone,99,163,8,8,14
Lunatone,1904,160,8,14,12
Lunatone,1810,158,4,15,13
Lunatone,1038,120,2,13,11
Lunatone,963,114,11,11,14
Solrock,980,113,13,15,12
Whiscash,88,138,3,0,9
Corphish,186,44,3,15,14
Baltoy,325,68,14,11,12
Baltoy,186,53,9,14,13
Baltoy,112,42,5,9,13
Lileep,26,65,15,15,10
Anorith,1,53,6,4,14
Milotic,2521,166,15,9,11
Castform,5,98,15,15,7
Castform,1193,129,7,15,15
Kecleon,1530,118,1,13,10
Kecleon,1319,110,6,0,10
Kecleon,1245,100,12,7,2
Kecleon,1061,98,4,8,10
Kecleon,38,79,15,8,11
Kecleon,21,81,7,14,14
Kecleon,628,74,15,8,13
Kecleon,546,69,12,0,10
Kecleon,86,26,14,7,7
Kecleon,25,14,5,3,2
Banette,1500,117,1,8,14
Duskull,466,66,10,9,15
Duskull,263,51,10,13,15
Duskull,132,37,3,5,14
Duskull,,24,9,15,12
Dusclops,68,74,15,4,11
Tropius,1104,140,15,15,13
Tropius,,139,12,15,11
Tropius,71,142,12,10,15
Tropius,61,140,10,13,13
Chimecho,1584,130,12,14,15
Chimecho,93,99,11,12,11
Absol,1424,105,13,15,13
Absol,99,55,7,15,11
Snorunt,603,97,15,15,12
Snorunt,56,53,4,15,15
Snorunt,98,44,0,4,15
Snorunt,5,32,5,5,15
Glalie,1439,134,15,14,15
Spheal,49,105,0,7,14
Spheal,156,59,15,13,12
Walrein,1653,159,13,14,15
Clamperl,993,86,15,13,11
Relicanth,141,140,14,15,10
Relicanth,141,142,12,15,14
Relicanth,1416,140,15,10,11
Relicanth,1379,140,10,12,10
Luvdisc,528,87,11,15,12
Luvdisc,341,72,10,12,15
Bagon,620,83,14,14,15
Salamence,2618,154,10,13,15
Salamence,2104,137,13,11,15
Beldum,499,78,9,15,14
Beldum,402,68,13,11,13
Metang,93,101,15,11,15
Metang,,63,1,8,15
Regirock,218,134,14,12,11
Regirock,2155,134,11,11,12
Regirock,1710,120,10,11,11
Regice,165,121,14,13,14
Regice,54,74,12,7,9
Registeel,1457,123,15,15,12
Registeel,1376,120,15,11,12
Registeel,1365,119,14,12,10
Registeel,1364,122,12,12,15
Registeel,2,73,14,6,6
Latios,2666,134,13,13,11
Latios,2108,120,11,10,12
Latios,590,104,10,14,12
Kyoegre,62482,133,13,14,11
Kyoegre,2291,129,12,12,11
Kyoegre,2289,128,13,11,10
Kyoegre,228,129,12,10,12
Kyoegre,2283,129,11,12,11
Groudon,2848,144,11,11,11
Groudon,2492,136,11,15,15
Groudon,2328,130,14,14,13
Groudon,2320,128,15,14,10
Groudon,2320,128,15,14,10
Groudon,2305,128,15,11,10
Groudon,2300,130,10,14,14
Groudon,2294,129,13,11,11
Groudon,2281,129,12,10,11
Groudon,226,130,10,10,13
Groudon,2269,128,10,12,10
Rayquaza,2704,152,12,14,15
Rayquaza,200,150,12,15,13
Rayquaza,266,150,11,13,13
Jirachi,1375,122,15,11,11
Deoxys,1456,89,14,15,12
Grotle,868,110,0,9,14
Chimchar,23,58,4,7,12
Piplup,19,104,8,13,15
Starly,598,102,10,8,15
Starly,591,102,4,12,15
Starly,506,91,6,15,12
Starly,465,88,5,15,13
Starly,420,84,7,15,15
Starly,409,85,4,10,13
Starly,343,74,13,15,15
Starly,329,74,5,13,12
Starly,264,66,0,10,4
Starly,258,65,2,11,7
Starly,253,65,12,11,15
Starly,240,62,13,14,15
Starly,223,58,15,6,7
Starly,201,58,6,11,13
Starly,193,56,12,11,13
Starly,10,52,5,7,5
Starly,114,42,13,14,11
Starly,102,40,4,14,5
Starly,52,29,15,13,15
Starly,45,26,2,15,5
Starly,10,12,3,8,11
Staravia,911,109,7,14,15
Staravia,856,107,5,12,15
Staravia,311,63,7,13,14
Staravia,228,54,4,12,10
Staraptor,02341,153,10,13,12
Bidoof,481,108,14,13,13
Bidoof,392,102,4,14,10
Bidoof,233,79,1,10,7
Bidoof,225,80,2,11,14
Bidoof,160,66,5,11,14
Bidoof,119,57,5,7,13
Bidoof,17,57,3,8,13
Bidoof,93,51,0,8,7
Bidoof,60,39,0,12,3
Bidoof,3,27,14,15,15
Bidoof,3,27,15,14,15
Bidoof,2,27,7,4,12
Bidoof,10,14,1,12,4
Bidoof,10,15,0,12,8
Kricketune,692,100,14,14,10
Budew,485,79,15,15,13
Budew,485,80,15,13,15
Budew,482,80,14,14,15
Cranidos,1003,106,14,11,12
Cranidos,448,71,12,12,13
Burmy,395,95,14,15,13
Burmy,6,47,2,13,15
Burmy,59,38,9,14,13
Burmy,,12,13,13,13
Burmy,134,54,14,15,9
Burmy,6,50,8,11,15
Burmy,8,47,3,14,15
Burmy,58,38,10,9,13
Burmy,,22,3,15,14
Wormadam,20,54,3,15,15
Mothim,1155,121,2,14,14
Combee,308,66,15,10,0
Buizel,425,84,2,4,8
Buizel,65,51,12,11,14
Floatzel,1251,122,5,13,12
Cherubi,922,83,12,15,11
Cherubi,922,84,13,11,14
Cherubi,392,73,11,15,14
Cherrim,1823,137,15,15,11
Cherrim,608,81,10,7,13
Shellos,668,126,0,14,10
Shellos,213,72,1,5,10
Drifloon,1075,165,15,15,14
Drifloon,964,160,9,15,10
Drifloon,51,142,14,8,15
Drifloon,692,135,11,14,15
Drifloon,4,124,7,15,12
Drifloon,512,117,4,11,7
Drifloon,474,114,7,12,15
Drifloon,440,109,6,14,12
Drifloon,41,106,10,12,15
Drifloon,66,100,4,12,10
Drifloon,308,91,5,13,9
Drifloon,262,87,8,11,13
Drifloon,241,79,4,15,5
Drifloon,94,70,13,15,14
Drifloon,,69,6,12,8
Drifblim,1458,203,8,10,5
Drifblim,,172,7,15,11
Drifblim,,156,7,13,12
Buneary,944,111,11,15,15
Buneary,888,112,2,9,13
Buneary,645,97,3,0,14
Buneary,26,63,1,6,12
Buneary,145,44,0,9,8
Buneary,144,46,0,4,13
Buneary,1021,112,15,13,11
Lopunny,1115,102,6,7,5
Lopunny,382,62,8,11,15
Lopunny,146,36,14,10,4
Glameow,632,100,6,13,13
Glameow,400,79,8,15,13
Glameow,39,77,13,14,15
Glameow,324,72,2,12,11
Glameow,225,61,0,11,10
Glameow,202,56,1,12,6
Glameow,161,50,4,13,10
Puruely,340,64,3,5,10
Chingling,52,84,15,15,14
Chingling,50,84,15,15,13
Chingling,6,85,14,14,15
Chingling,559,84,13,14,13
Chingling,55,84,11,15,14
Chingling,54,84,12,14,13
Chingling,4,84,11,12,14
Chingling,54,84,11,13,13
Chingling,546,84,10,14,13
Chingling,41,84,10,12,13
Stunky,963,132,4,14,15
Stunky,816,116,15,14,14
Stunky,801,114,6,14,5
Stunky,2,105,5,12,13
Stunky,56,99,12,11,15
Stunky,560,97,5,13,7
Stunky,41,96,2,12,5
Stunky,505,94,6,10,12
Stunky,45,86,15,15,13
Stunky,429,87,1,14,9
Stunky,361,80,4,15,14
Stunky,223,60,15,15,13
Stunky,214,61,10,13,15
Stunky,206,59,6,15,9
Stunky,202,59,3,15,10
Stunky,4,54,9,10,10
Stunky,51,50,12,15,13
Stunky,40,49,5,13,9
Stunky,8,44,4,11,13
Stunky,5,36,2,13,11
Stunky,14,16,4,14,12
Bronzor,454,111,15,10,12
Bronzor,441,113,13,9,15
Bronzor,408,119,3,14,15
Bronzor,3,107,10,15,15
Bronzor,10,15,12,13,14
Bronzong,919,91,10,15,10
Bonsly,18,89,14,10,12
Bonsly,,90,10,12,14
Happiny,198,143,13,12,15
Happiny,188,143,11,13,15
Happiny,183,142,10,14,13
Gible,613,97,11,15,13
Gible,464,85,12,14,15
Gible,456,83,11,15,10
Gible,452,83,13,10,11
Gible,289,67,10,8,8
Gabite,1569,136,5,9,11
Riolu,561,80,15,13,15
Riolu,548,79,12,14,13
Riolu,533,80,10,11,14
Hippopotas,52,93,15,13,12
Hippopotas,296,66,13,15,9
Hippowdon,1738,151,14,11,15
Skorupl,15,95,13,15,13
Skorupl,45,73,4,15,6
Skorupl,454,70,15,15,11
Skorupl,,62,7,14,9
Skorupl,313,58,15,13,13
Skorupl,94,49,0,15,13
Skorupl,,31,0,14,3
Skorupl,1,27,0,8,7
Skorupl,,11,0,14,7
Drapion,4,73,0,15,12
Croagunk,53,89,14,14,15
Croagunk,60,50,2,10,10
Toxicroak,41,96,13,15,13
Toxicroak,54,88,13,15,4
Finneon,95,103,5,14,11
Finneon,394,80,3,2,11
Finneon,330,72,6,14,15
Finneon,5,51,0,7,12
Finneon,9,41,0,11,9
Snover,42,27,1,0,9
Abomasnow,1349,132,15,15,15
Leafeon,1232,92,11,12,15
Glaceon,1312,90,13,13,12
Mamoswine,3360,204,15,14,15
,961,???,4,14,14
Mamoswine,1490,138,0,11,10
Mamoswine,447,74,14,15,15
Mamoswine,346,65,14,14,15
Gallade,2165,119,14,14,10
Azelf,2214,127,13,10,10
Azelf,1798,115,15,11,12
Regigigas,305,154,15,12,11
Regigigas,246,140,15,12,15
Regigigas,2454,139,14,14,12
Regigigas,2449,137,14,15,10
Regigigas,2426,139,10,15,12
Regigigas,2416,137,12,12,10
Regigigas,2400,137,10,12,10
Shaymin,1359,123,12,10,13
Victinl,1354,121,11,13,10
Snivy,96,105,8,14,14
Snivy,326,73,8,7,14
Snivy,40,47,2,14,8
Snivy,1,33,0,11,4
Snivy,,13,1,13,15
Tepig,361,81,5,14,7
Tepig,263,73,0,10,10
Tepig,44,29,5,15,15
Pienite,161,166,11,9,13
Pienite,156,158,15,12,13
Pienite,1040,130,11,0,6
Pienite,88,121,9,9,13
Oshawott,96,112,7,13,11
Oshawott,5,96,10,15,15
Oshawott,530,92,3,14,9
Oshawott,246,62,7,14,10
Oshawott,4,55,0,9,13
Oshawott,52,51,3,10,14
Oshawott,14,15,13,15,14
Dewott,581,94,1,9,15
Patrat,610,101,11,15,15
Patrat,549,101,0,15,15
Patrat,45,92,2,8,13
Patrat,415,83,12,14,15
Patrat,358,80,2,8,10
Patrat,220,57,9,12,2
Lillipup,605,94,4,14,10
Lillipup,483,84,14,4,14
Lillipup,39,79,1,7,13
Lillipup,38,75,0,9,6
Lillipup,36,76,2,8,10
Lillipup,366,76,1,13,15
Lillipup,362,72,3,12,8
Lillipup,360,70,14,14,14
Lillipup,338,72,0,14,12
Lillipup,308,62,15,6,0
Lillipup,30,67,5,13,13
Lillipup,204,55,1,14,12
Lillipup,182,52,4,11,13
Lillipup,146,48,1,2,12
Lillipup,144,45,13,10,14
Lillipup,143,44,0,8,0
Lillipup,110,39,6,14,7
Lillipup,11,12,2,13,6
Herdier,1007,110,3,15,2
Herdier,490,78,4,13,7
Purrloin,6,99,1,14,15
Purrloin,434,84,0,10,8
Purrloin,95,76,15,15,14
Purrloin,329,74,0,10,11
Purrloin,64,53,1,7,14
Purrloin,126,45,1,11,9
Purrloin,3,41,0,8,8
Purrloin,95,38,9,12,11
Pansage,,105,10,13,15
Pansage,114,43,3,13,14
Pansear,663,104,7,14,14
Pansear,581,96,7,14,14
Panpour,39,113,12,15,15
Panpour,66,104,7,12,14
Panpour,648,102,5,15,14
Panpour,1,98,8,10,10
Panpour,603,101,2,13,15
Panpour,4,95,8,8,15
Panpour,435,81,10,13,11
Panpour,,78,10,14,15
Panpour,238,64,3,9,15
Panpour,226,59,0,12,4
Panpour,134,48,2,6,14
Panpour,,38,13,15,15
Pidove,490,97,2,8,12
Pidove,391,90,0,3,14
Pidove,205,63,0,11,14
Pidove,153,52,0,8,4
Pidove,96,42,1,12,9
Tranquill,88,110,4,14,15
Unfezant,192,130,15,15,14
Blitzle,500,91,1,5,12
Blitzle,494,86,5,12,10
Blitzle,419,82,1,12,14
Blitzle,39,79,3,8,12
Blitzle,25,59,2,14,0
Blitzle,5,52,2,14,11
Blitzle,60,30,6,13,15
Blitzle,58,30,6,9,13
Rogeenrola,22,105,15,14,15
Gigalith,1811,124,14,14,10
Woobat,30,110,15,13,14
Woobat,435,97,3,11,14
Woobat,415,91,10,15,13
Woobat,39,91,1,13,13
Woobat,356,90,0,4,11
Woobat,298,79,0,14,8
Woobat,,56,6,14,13
Woobat,119,51,2,11,14
Woobat,3,28,2,5,10
Drilbur,1188,123,9,15,8
Drilbur,802,103,6,14,10
Drilbur,64,105,3,6,14
Drilbur,63,101,11,14,15
Drilbur,60,101,12,12,15
Drilbur,646,91,11,15,12
Drilbur,625,87,4,13,0
Drilbur,5,86,12,15,13
Drilbur,52,86,14,12,12
Drilbur,564,87,11,11,15
Drilbur,214,52,10,13,9
Drilbur,18,15,7,14,11
Excadrill,1801,150,10,15,10
Timburr,23,114,15,10,10
Tympole,53,106,14,13,13
Tympole,60,101,15,12,12
Tympole,498,95,2,0,0
Tympole,,83,11,13,15
Tympole,34,80,15,12,13
Tympole,312,76,3,13,10
Tympole,26,69,0,7,3
Tympole,202,64,1,8,15
Tympole,9,59,4,14,11
Tympole,,57,12,9,15
Tympole,5,38,2,11,14
Tympole,55,31,5,13,10
Tympole,52,31,3,9,7
Palpitoad,54,120,15,11,12
Throh,610,174,3,13,7
Throh,9,132,7,11,15
Throh,94,120,14,14,12
Throh,33,24,6,14,4
Sewaddle,1,97,8,15,13
Sewaddle,668,92,12,15,8
Sewaddle,,86,7,13,14
Sewaddle,500,87,0,2,12
Sewaddle,39,72,1,15,3
Sewaddle,39,70,15,8,14
Sewaddle,334,65,15,15,14
Sewaddle,310,64,0,6,0
Sewaddle,249,59,7,6,14
Sewaddle,215,53,3,15,6
Sewaddle,183,48,14,10,11
Sewaddle,165,46,5,13,4
Sewaddle,140,43,4,13,7
Venipede,33,66,0,13,10
Venipede,31,61,14,14,14
Whirlipede,59,91,0,15,12
Whirlipede,665,82,1,15,6
Whimsicott,1418,112,13,15,14
Whimsicott,1134,99,14,15,12
Petilil,59,95,2,14,3
Petilil,433,71,15,15,10
Petilil,400,74,0,9,11
Petilil,9,49,1,14,15
Petilil,125,41,4,12,15
Petilil,41,21,9,12,3
Basculin,28,16,13,12,7
Darumaka,1150,136,5,13,15
Darumaka,,96,14,10,14
Darmanitan,2213,164,15,15,14
Dwebble,436,75,5,5,15
Dwebble,45,67,4,9,15
Dwebble,4,23,3,14,7
Scragey,1160,109,13,14,11
Scragey,93,94,5,12,14
Scragey,44,89,11,11,12
Scragey,532,73,14,13,10
Scragey,448,69,12,9,13
Scragey,36,63,15,5,13
Scragey,303,59,2,3,12
Scragey,22,56,1,8,14
Scragey,200,47,0,13,12
Scragey,6,42,10,15,11
Scragey,3,38,6,9,12
Scragey,2,38,3,6,13
Tirtouga,45,93,15,15,13
Tirtouga,3,94,14,12,15
Archen,1048,96,14,15,15
Archen,1033,96,13,13,15
Archen,1016,94,14,10,13
Trubbish,415,78,12,15,14
Trubbish,215,57,11,12,15
Trubbish,92,36,7,11,4
Garbodor,245,52,15,15,15
Zorua,05,91,9,7,15
Zorua,489,68,11,0,4
Zorua,29,54,3,10,10
Zorua,154,38,14,12,14
Zorua,132,37,0,4,9
,968,???,10,15,15
Minccino,,96,15,10,11
Minccino,,94,0,10,0
Minccino,361,88,2,8,15
Minccino,215,67,2,12,13
Minccino,11,15,15,8,15
Gothita,44,104,6,13,15
Gothita,401,74,4,2,4
Solosis,1008,101,5,10,15
Solosis,26,93,1,6,15
Solosis,20,83,3,15,11
Solosis,618,74,15,15,12
Solosis,6,75,1,7,9
Solosis,564,73,11,12,15
Solosis,554,71,3,11,6
Solosis,446,66,0,9,11
Solosis,332,53,12,14,7
Solosis,291,51,8,15,10
Solosis,260,48,15,12,12
Solosis,205,42,7,14,3
Solosis,59,39,0,8,9
Solosis,,29,12,14,7
Solosis,54,23,3,9,12
Duosion,1693,130,14,11,15
Ducklett,260,80,1,8,10
Ducklett,81,64,9,15,15
Ducklett,116,52,4,5,4
Vanilluxe,2023,127,13,12,15
Deerling,935,126,6,15,15
Deerling,402,82,5,9,10
Deerling,216,57,14,15,10
Deerling,192,59,1,9,15
Deerling,183,56,0,6,7
Deerling,103,41,2,12,7
Deerling,833,110,14,13,4
Deerling,55,113,6,9,11
Deerling,14,15,7,13,13
Emolega,1467,118,15,11,9
Emolega,98,94,12,15,12
Emolega,,62,11,8,10
Karrablast,805,102,4,14,13
Karrablast,5,98,0,3,11
Karrablast,559,82,7,14,8
Karrablast,264,56,5,9,5
Karrablast,62,30,13,12,3
Foonegeus,1,113,13,13,15
Foonegeus,948,109,13,15,14
Foonegus,346,88,10,15,14
Foonegeus,181,63,10,15,12
Frillish,91,93,13,12,11
Frillish,664,95,10,13,14
Frillish,26,88,9,12,6
Frillish,14,82,10,14,14
Frillish,16,14,7,15,8
Frillish,5,14,3,15,5
Frillish,914,108,13,15,13
Frillish,526,81,14,14,11
Frillish,519,82,11,15,13
Joltik,549,87,11,12,10
Joltik,425,77,8,12,8
Joltik,216,54,11,13,9
Joltik,210,55,6,15,10
Joltik,158,47,11,11,12
Joltik,13,13,10,12,4
Ferroseed,68,102,11,15,13
Ferroseed,35,71,10,12,12
Ferroseed,4,48,11,15,13
Klink,30,77,15,12,10
Tynamo,478,79,3,5,8
Eelektross,1470,124,15,12,15
Eleyem,683,92,0,8,9
Eleyem,564,80,10,14,10
Eleyem,436,69,7,15,4
Eleyem,134,40,7,11,12
Eleyem,94,34,7,9,13
Axew,03,87,14,13,13
Axew,95,87,13,12,13
Axew,3,85,15,14,13
Axew,69,84,14,15,12
Axew,68,86,15,11,15
Axew,65,86,15,11,14
Axew,59,86,12,13,14
Axew,59,86,13,11,15
Axew,59,83,13,15,10
Axew,5,83,14,13,10
Axew,52,86,12,11,14
Axew,49,84,11,13,12
Axew,4,86,11,10,15
Axew,445,66,11,10,13
Axew,352,59,4,9,12
Axew,128,37,0,11,15
Fraxure,1248,104,14,14,10
Beartic,1494,127,13,14,12
Stunfisk,1863,186,9,9,5
Stunfisk,1629,175,14,10,13
Stunfisk,1531,172,4,15,8
Stunfisk,1400,171,1,0,12
Stunfisk,92,130,13,12,12
Stunfisk,655,108,14,12,4
Stunfisk,646,110,9,14,10
Stunfisk,388,88,9,0,12
Stunfisk,336,81,9,9,13
Stunfisk,1503,169,11,15,14
Stunfisk,12338,151,15,15,14
Stunfisk,12038,151,12,13,14
Stunfisk,1120,144,10,14,9
Stunfisk,52,107,5,11,15
Druddigon,1925,132,15,11,14
Druddigon,1637,123,10,14,15
Golett,223,59,0,7,5
Golurk,1593,128,13,14,10
Golurk,1591,131,10,14,15
Golurk,6380,82,12,13,14
Pawniard,98,84,12,14,14
Pawniard,98,84,14,11,14
Pawniard,9,83,13,14,12
Pawniard,,82,11,10,10
Rufflet,344,70,5,13,4
Rufflet,314,68,11,9,10
Braviary,1573,152,12,13,14
Vullaby,20,111,14,15,15
Deino,56,93,12,13,15
Deino,445,78,15,14,10
Deino,322,69,11,14,15
Deino,298,65,5,14,7
Larvesta,22,93,14,10,11
Tornadus,2331,134,12,11,14
Tornadus,1889,120,14,13,14
Tornadus,1882,118,15,13,11
Thundurus,2292,132,10,11,10
Thundurus,1873,120,10,15,14
Thundurus,1859,120,11,12,13
Thundurus,61843,118,10,12,11
Thundurus,1834,118,11,10,10
Reshiram,3373,158,13,15,14
Reshiram,2846,145,15,11,13
Reshiram,2500,136,12,15,13
Reshiram,2286,129,15,14,12
Reshiram,2261,128,15,11,10
Zekrom,2851,143,15,15,10
Zekrom,2838,146,11,15,14
Zekrom,2825,143,13,14,10
Zekrom,2809,143,12,13,10
Zekrom,2489,137,10,14,15
Zekrom,2243,129,12,10,12
Landorus,2534,146,14,12,15
Landorus,250,146,11,13,14
Landorus,2480,144,10,12,12
Landorus,203,131,14,14,15
Kyurem,1968,152,11,10,11
Meloetta,162,122,13,14,11
Genesect,1904,112,14,15,14
Genesect,1898,112,15,11,15
Genesect,1885,111,14,12,13
Genesect,1881,112,14,10,14
Genesect,1878,112,11,14,14
Genesect,1873,111,13,12,12
Genesect,1868,110,13,12,11
Genesect,185,111,12,10,12
Chespin,693,105,3,7,7
Chespin,60,102,4,15,8
Chespin,458,84,14,11,15
Chespin,211,56,15,12,15
Quilladin,912,73,10,14,9
Chesnaught,1491,123,12,14,14
Fennekin,68,95,15,0,15
Fennekin,36,92,0,0,0
Fennekin,65,84,1,3,12
Fennekin,342,61,5,14,8
Braixen,1265,112,12,13,15
Braixen,1243,109,0,0,0
Froakie,11,97,15,13,14
Froakie,1,86,1,11,14
Froakie,,81,1,10,9
Froakie,482,78,0,0,0
Froakie,42,74,3,13,7
Froakie,308,62,5,11,14
Froakie,210,52,1,3,11
Froakie,5,44,7,15,5
Froakie,4,21,6,14,9
Froakie,38,21,2,12,8
Froakie,,21,2,8,9
Bunnelby,384,86,13,15,14
Bunnelby,48,32,4,9,13
Diggersby,49,127,0,0,0
Diggersby,635,109,13,15,14
Scatterbug,206,65,15,14,11
Scatterbug,205,65,15,13,11
Scatterbug,198,67,11,14,14
Scatterbug,205,66,15,12,13
Scatterbug,204,67,13,15,14
Scatterbug,203,67,13,14,14
Scatterbug,202,67,0,0,0
Scatterbug,198,67,11,14,15
Scatterbug,192,65,11,12,10
Scatterbug,94,66,12,10,13
Scatterbug,208,67,15,14,14
Scatterbug,190,65,10,12,11
Scatterbug,210,67,15,15,14
Scatterbug,99,67,12,12,15
Scatterbug,195,67,12,10,14
Scatterbug,195,67,11,11,15
Scatterbug,193,65,12,11,10
Scatterbug,192,65,12,10,10
Scatterbug,92,66,10,13,12
Scatterbug,203,65,14,14,11
Scatterbug,201,66,13,13,13
Scatterbug,99,65,12,15,10
Scatterbug,201,66,13,14,12
Scatterbug,196,67,10,14,15
Scatterbug,194,65,10,15,11
Scatterbug,208,66,15,14,13
Scatterbug,208,66,15,14,13
Scatterbug,208,66,15,15,12
Scatterbug,203,67,13,14,14
Scatterbug,201,65,13,14,11
Scatterbug,201,65,14,12,11
Scatterbug,201,67,14,10,15
Scatterbug,200,67,12,13,15
Scatterbug,198,67,13,10,15
Scatterbug,196,67,10,14,15
Scatterbug,196,67,11,13,14
Scatterbug,95,65,12,12,10
Scatterbug,95,66,12,11,12
Scatterbug,193,65,10,15,10
Scatterbug,188,66,10,10,12
Scatterbug,201,65,13,14,11
Scatterbug,198,65,12,14,11
Scatterbug,189,65,10,11,11
Scatterbug,209,67,15,14,15
Scatterbug,206,67,15,12,14
Scatterbug,202,67,14,11,15
Scatterbug,195,65,12,12,10
Scatterbug,95,65,13,10,10
Scatterbug,94,67,11,11,14
Scatterbug,208,67,14,15,15
Scatterbug,193,66,11,11,13
Scatterbug,201,65,13,15,10
Scatterbug,97,66,11,15,12
Scatterbug,193,65,12,11,10
Vivillon,93,105,15,15,14
Vivillon,82,104,15,13,12
Vivillon,91,106,15,14,15
Vivillon,2,105,10,15,14
Vivillon,2,104,11,15,12
Vivillon,8,103,15,15,11
Vivillon,8,105,12,15,13
Vivillon,6,104,12,15,12
Vivillon,,105,12,14,14
Litleo,600,89,13,14,15
Litleo,592,88,12,13,14
Litleo,568,89,11,12,15
Litleo,529,86,5,13,15
Flab�b�,248,56,8,7,15
Flab�b�,256,58,0,7,12
Furfrou,980,107,8,14,14
Espurr,80,114,13,12,13
Espurr,66,115,10,15,15
Espurr,9,102,15,12,14
Spritzee,614,108,13,3,0
Spritzee,238,70,12,15,15
Inkay,,90,12,15,10
Inkay,504,93,10,14,15
Inkay,408,82,12,15,12
Skrelp,63,112,5,9,12
Clauncher,662,95,15,7,15
Clauncher,389,78,1,0,15
Clauncher,79,53,1,3,15
Helioptile,63,99,4,13,14
Helioptile,510,83,14,4,9
Helioptile,39,72,5,2,13
Helioptile,258,61,5,9,11
Heliolisk,1105,89,13,15,15
Tyrunt,912,96,13,15,11
Tyrunt,912,96,13,15,11
Tyrunt,912,98,14,11,14
Tyrunt,95,96,13,13,11
Tyrunt,390,65,7,10,14
Amaura,,118,15,15,14
Amaura,6,117,14,15,12
Amaura,62,116,14,14,11
Amaura,60,116,13,15,11
Amaura,46,115,13,11,10
Amaura,44,118,11,11,15
Amaura,42,118,10,12,15
Amaura,3,118,10,11,14
Goomy,550,83,15,15,11
Goomy,543,82,15,13,10
Beremite,24,105,14,14,15
Beremite,441,77,13,13,15
Avalugeg,2495,161,14,15,14
Avalugeg,2439,154,14,11,15
Avalugeg,1962,137,14,15,14
Noibat,499,93,13,14,14
Noibat,44,89,14,12,11
Noibat,30,84,5,12,15
Noibat,268,71,5,12,14
Noibat,24,66,11,10,14
Noibat,230,64,9,14,14
Noibat,144,49,13,14,12
Notbat,32,48,5,15,10
Noibat,06,42,13,15,12
MEeEOWMEONU,2308,154,13,15,15
Rowlet,93,138,5,15,13
Rowlet,94,109,15,11,15
Rowlet,91,108,13,15,13
Rowlet,580,107,12,14,11
Rowlet,252,73,0,12,4
Decidueye,1538,119,10,13,14
Litten,66,95,5,12,15
Litten,586,84,15,14,14
Litten,563,85,13,15,15
Litten,580,84,14,14,13
Litten,58,84,13,14,14
Litten,52,84,13,12,14
Litten,51,82,14,13,10
Litten,926,82,7,15,13
Litten,499,81,3,15,14
Litten,319,65,1,15,14
Torracat,5,29,15,14,14
Incineroar,2239,158,12,15,15
Popplio,818,102,0,13,3
Popplio,59,93,12,14,15
Popplio,25,90,13,12,14
Popplio,23,90,12,13,14
Popplio,21,90,10,15,15
Popplio,616,90,10,14,14
Popplio,9,90,6,14,14
Popplio,498,82,7,14,15
Popplio,258,57,6,12,7
Popplio,250,56,15,12,14
Popplio,40,23,0,3,6
Primarina,40,34,14,13,15
Pikipek,3,91,4,13,11
Pikipek,558,82,5,9,15
Pikipek,550,76,4,13,6
Pikipek,513,75,13,15,15
Pikipek,499,75,11,13,15
Pikipek,294,60,5,6,14
Pikipek,256,54,3,13,12
Pikipek,60,25,5,12,8
Yungoos,486,88,12,14,14
Yungoos,424,80,15,15,13
Yungoos,364,78,4,14,13
Yungoos,349,77,6,14,15
Yungoos,340,72,5,15,7
Yungoos,298,73,2,7,13
Yungoos,11,50,3,15,0
Yungoos,155,50,4,15,10
Yungoos,140,52,1,3,15
Yungoos,116,43,12,15,15
Gumshoos,30,20,15,15,13
Grubbin,,92,3,13,13
Grubbin,39,72,15,14,14
Grubbin,330,68,4,15,11
Grubbin,230,58,0,6,6
Grubbin,47,46,6,11,14
Grubbin,94,37,6,13,13
Grubbin,94,37,4,15,15
Grubbin,12,13,4,14,12
Crabrawler,39,56,4,15,10
Crabrawler,230,50,4,0,12
Crabrawler,132,37,6,12,14
Oricorio,1964,140,11,15,9
Oricorio,494,72,5,14,11
Ribombee,1223,99,13,12,12
Rockruff,539,84,15,15,13
Rockruff,3,85,15,13,15
Rockruff,3,85,15,13,15
Rockruff,535,85,13,15,15
Rockruff,310,82,10,14,10
Rockruff,306,84,10,10,14
Mareanie,546,90,14,14,14
Mareanie,516,87,10,12,10
Toxapex,961,90,15,14,15
Dewpider,520,93,6,11,14
Dewpider,335,65,13,13,0
Fomantis,415,78,14,15,12
Fomantis,415,80,14,14,14
Fomantis,410,80,14,12,14
Fomantis,399,78,10,15,11
Fomantis,398,80,12,10,14
Fomantis,9,42,4,15,13
Morelull,449,73,3,15,13
Morelull,446,67,7,14,3
Morelull,305,57,13,8,10
Morelull,243,53,11,4,14
Salandit,1,88,10,15,14
Salandit,616,88,12,12,14
Salandit,615,86,13,13,10
Stufful,52,96,13,15,15
Stufful,566,96,12,15,14
Stufful,558,95,13,11,13
Stufful,545,95,10,11,12
Stufful,411,81,11,15,13
Stufful,399,81,8,14,11
Stufful,295,69,12,13,14
Stufful,293,70,15,7,15
Stufful,205,59,4,14,14
Stufful,98,40,15,11,15
Bounsweet,290,84,15,14,12
Bounsweet,98,71,14,15,15
Bounsweet,60,68,6,12,14
Bounsweet,60,72,1,6,12
Bounsweet,46,34,13,11,13
Oraneguru,1317,125,9,15,3
Wimpod,285,63,15,15,14
Wimpod,285,63,15,15,14
Wimpod,282,62,15,15,12
Wimpod,2,63,13,15,13
Wimpod,26,64,12,15,15
Wimpod,23,63,13,12,14
Wimpod,268,63,10,15,14
Wimpod,266,63,10,15,13
Wimpod,265,61,11,14,10
Wimpod,93,37,11,15,15
Togedemart,809,128,12,15,12
Togedemart,1442,112,15,3,5
Togedemart,1225,105,14,15,14
Togedemart,222,106,13,15,15
Togedemart,1203,105,11,14,14
Togedemart,199,103,14,12,10
Togedemart,1197,105,10,14,14
Togedemart,1056,100,8,11,14
Togedemart,215,44,7,15,12
Bruxish,1161,104,4,13,15
Bruxish,30,96,6,12,12
Bruxish,242,45,12,14,10
Bruxish,240,46,12,10,12
Jangmo-o,528,84,10,15,14
Jangmo-o,528,84,12,11,14
Jangmo-o,523,83,12,11,11
Jangmo-o,523,82,12,12,10
Jangmo-o,1,46,10,10,5
Jangmo-o,61,29,0,14,10
Hakamo-o,932,96,12,10,15
TapuKoko,62489,131,15,15,15
TapuKoko,1790,111,12,15,15
TapuKoko,771,109,12,14,12
TapuKoko,1760,110,11,12,13
TapuKoko,147,108,12,11,10
TapuLele,2476,122,15,15,12
TapuLele,2459,124,14,10,15
TapuLele,2453,122,15,11,12
TapuLele,195,109,13,13,12
TapuLele,1947,111,12,10,14
TapuBulu,2422,122,15,15,12
TapuBulu,2409,123,14,13,13
TapuBulu,234,124,10,12,14
TapuBulu,1925,111,13,13,14
TapuBulu,1918,111,12,13,14
TapuBulu,1912,111,13,10,14
TapuBulu,1899,111,10,12,14
TapuFini,2004,122,15,11,11
TapuFini,1625,111,15,14,14
TapuFini,1603,109,15,11,11
TapuFini,1596,111,12,13,14
TapuFini,159,110,12,14,13
TapuFini,1591,109,12,15,11
TapuFini,1585,109,12,13,11
TapuFini,1583,110,11,12,13
TapuFini,1582,111,10,13,14
TapuFini,1581,110,10,14,13
TapuFini,1580,109,11,14,11
TapuFini,1580,111,10,11,15
Meltan,447,73,14,13,13
Melmetal,1514,142,14,12,11
Regieleki,1561,120,15,10,12
Regieleki,1559,119,12,14,10
Kleavor,2210,124,12,14,14
Kleavor,2,111,14,12,14
Kleavor,59,111,12,11,15
Kleavor,54,109,12,13,12
Kleavor,51,110,13,10,13
Kleavor,740,109,12,11,11
